[ {
  "id" : 1,
  "firstName" : "kamal",
  "lastName" : "murali",
  "email" : "kamal@gmail.com",
  "addressId" : 61,
  "birthDate" : "1997-05-27",
}, {
  "id" : 2,
  "firstName" : "keerthi",
  "lastName" : "perumal",
  "email" : "keerthi@gmail.com",
  "addressId" : 105,
  "birthDate" : "1998-11-13",
}, {
  "id" : 4,
  "firstName" : "murali",
  "lastName" : "krishna",
  "email" : "muralikrishna@gmail.com",
  "addressId" : 141,
  "birthDate" : "1996-08-27",
}, {
  "id" : 5,
  "firstName" : "murali",
  "lastName" : "krish",
  "email" : "muralikrish@gmail.com",
  "addressId" : 142,
  "birthDate" : "1996-08-27",
} ]