  [
    {
        "id" : 1,
        "firstname" : "Almas",
        "lastname" : "Ansari",
        "email" : "almas@gmail.com",
        "dob" : "1997-06-02"
    }, {
        "id" : 2,
        "firstname" : "Mayank",
        "lastname" : "Verma",
        "email" : "mayank@gmail.com",
        "dob" : "1996-05-26"
    }, {
        "id" : 3,
        "firstname" : "Raunak",
        "lastname" : "Chaudhary",
        "email" : "raunak@gmail.com",
        "dob" : "1996-10-30"
    }, {
        "id" : 4,
        "firstname" : "Rehaan",
        "lastname" : "Khan",
        "email" : "rehaan@gmail.com",
        "dob" : "1995-12-08"
    }, {
        "id" : 5,
        "firstname" : "Naveen",
        "lastname" : "Raj",
        "email" : "naveen@gmail.com",
        "dob" : "1996-07-15"
    }, {
        "id" : 6,
        "firstname" : "Hariharan",
        "lastname" : "Sekar",
        "email" : "hariharan@gmail.com",
        "dob" : "1996-06-26"
    }
]
